open_time,open,high,low,close,volume,avg_candle_size,ATR
2024-10-01 00:00:00,63309.0,63428.0,63305.0,63423.7,575.602,35.24599999999971,
2024-10-01 00:01:00,63423.7,63491.1,63380.8,63380.8,640.452,35.24599999999971,
2024-10-01 00:02:00,63380.8,63380.8,63290.8,63327.2,450.107,35.24599999999971,
2024-10-01 00:03:00,63327.2,63330.3,63260.1,63317.3,346.579,35.24599999999971,
2024-10-01 00:04:00,63317.2,63355.0,63315.2,63315.2,160.253,35.24599999999971,
2024-10-01 00:05:00,63315.3,63360.5,63300.0,63300.5,237.423,35.24599999999971,
2024-10-01 00:06:00,63300.6,63347.2,63300.5,63336.8,83.233,35.24599999999971,
2024-10-01 00:07:00,63336.9,63371.4,63333.0,63371.4,99.441,35.24599999999971,
2024-10-01 00:08:00,63371.4,63383.0,63333.0,63333.0,193.441,35.24599999999971,
2024-10-01 00:09:00,63333.0,63338.4,63275.4,63317.0,144.165,35.24599999999971,
2024-10-01 00:10:00,63317.0,63360.2,63233.0,63285.0,594.308,35.24599999999971,
2024-10-01 00:11:00,63285.0,63295.9,63230.8,63234.2,244.059,35.24599999999971,
2024-10-01 00:12:00,63234.1,63244.4,63200.0,63209.0,272.171,35.24599999999971,
2024-10-01 00:13:00,63209.0,63223.2,63183.6,63190.4,321.008,35.24599999999971,
2024-10-01 00:14:00,63190.4,63194.8,63140.1,63193.5,577.476,35.24599999999971,64.27857142857154
2024-10-01 00:15:00,63193.4,63193.5,63100.0,63107.5,439.713,35.24599999999971,66.36581632653072
2024-10-01 00:16:00,63107.4,63128.0,63077.1,63077.1,584.432,35.24599999999971,65.26111516035006
2024-10-01 00:17:00,63077.0,63180.0,63070.0,63178.4,214.045,35.24599999999971,68.45674979175362
2024-10-01 00:18:00,63178.5,63179.7,63092.9,63104.0,87.154,35.24599999999971,69.7669819494852
2024-10-01 00:19:00,63103.9,63104.0,63050.0,63075.5,238.355,35.24599999999971,68.6407689530934
2024-10-01 00:20:00,63075.4,63110.0,63050.2,63054.0,125.847,35.24599999999971,68.00928545644408
2024-10-01 00:21:00,63054.1,63059.7,63000.0,63000.0,401.34,35.24599999999971,67.41576506669786
2024-10-01 00:22:00,63000.0,63055.1,63000.0,63025.7,604.926,35.24599999999971,66.53606756193362
2024-10-01 00:23:00,63025.6,63090.6,63004.5,63070.8,270.539,35.24599999999971,67.93349130750968
2024-10-01 00:24:00,63070.7,63121.0,63049.6,63113.0,181.555,35.24599999999971,68.1810990712591
2024-10-01 00:25:00,63113.0,63261.0,63066.6,63235.2,505.394,35.24599999999971,77.19673485188355
2024-10-01 00:26:00,63235.2,63356.2,63228.8,63302.9,605.634,35.24599999999971,80.78268236246288
2024-10-01 00:27:00,63303.0,63340.0,63276.8,63276.8,189.873,35.24599999999971,79.5267764794296
2024-10-01 00:28:00,63276.8,63299.0,63254.4,63299.0,90.535,35.24599999999971,77.03200673089881
2024-10-01 00:29:00,63299.0,63345.8,63277.6,63332.7,170.801,35.24599999999971,76.40114910726349
2024-10-01 00:30:00,63332.7,63375.0,63318.1,63326.8,275.3,35.24599999999971,75.0082098853162
2024-10-01 00:31:00,63326.9,63415.5,63324.4,63366.4,165.849,35.24599999999971,76.15762346493638
2024-10-01 00:32:00,63366.4,63385.6,63320.3,63334.5,150.875,35.24599999999971,75.38207893172633
2024-10-01 00:33:00,63334.5,63353.1,63273.0,63273.0,98.578,35.24599999999971,75.71907329374577
2024-10-01 00:34:00,63272.9,63279.0,63231.4,63251.2,111.106,35.24599999999971,73.7105680584781
2024-10-01 00:35:00,63251.1,63279.0,63232.0,63277.1,73.235,35.24599999999971,71.80267034001538
2024-10-01 00:36:00,63277.1,63354.7,63253.1,63334.5,181.048,35.24599999999971,73.93105103001417
2024-10-01 00:37:00,63334.4,63344.4,63303.7,63335.0,61.258,35.24599999999971,71.55740452787062
2024-10-01 00:38:00,63335.0,63335.1,63296.0,63307.8,72.854,35.24599999999971,69.23901849016546
2024-10-01 00:39:00,63307.9,63310.6,63270.4,63282.7,55.346,35.24599999999971,67.16480288372487
2024-10-01 00:40:00,63282.7,63347.2,63282.7,63347.1,64.659,35.24599999999971,66.97445982060167
2024-10-01 00:41:00,63347.2,63381.9,63347.1,63353.6,88.377,35.24599999999971,64.67628411913033
2024-10-01 00:42:00,63353.6,63356.1,63324.2,63328.1,47.118,35.24599999999971,62.335120967763984
2024-10-01 00:43:00,63328.0,63401.0,63328.0,63390.4,74.836,35.24599999999971,63.09689804149513
2024-10-01 00:44:00,63390.3,63400.0,63380.0,63398.4,66.93,35.24599999999971,60.01854818138833
2024-10-01 00:45:00,63398.4,63415.6,63385.8,63404.7,191.919,35.24599999999971,57.860080454145994
2024-10-01 00:46:00,63404.6,63420.8,63403.6,63409.0,78.248,35.24599999999971,54.955788993135876
2024-10-01 00:47:00,63409.0,63464.5,63409.0,63420.9,148.327,35.24599999999971,54.99466120791188
2024-10-01 00:48:00,63420.9,63476.8,63420.8,63433.0,104.708,35.24599999999971,55.06647112163246
2024-10-01 00:49:00,63433.1,63433.1,63422.0,63430.1,27.348,35.24599999999971,51.92600889865861
2024-10-01 00:50:00,63430.1,63601.7,63427.0,63581.4,629.633,35.24599999999971,60.695579691611364
2024-10-01 00:51:00,63581.0,63584.9,63511.4,63532.0,260.19,35.24599999999971,61.61018114221055
2024-10-01 00:52:00,63532.6,63550.0,63500.0,63550.0,135.71,35.24599999999971,60.78088248919551
2024-10-01 00:53:00,63550.0,63550.0,63474.3,63474.8,87.394,35.24599999999971,61.84653373996706
2024-10-01 00:54:00,63474.8,63502.4,63464.9,63502.4,64.844,35.24599999999971,60.107495615683696
2024-10-01 00:55:00,63502.4,63550.0,63502.4,63516.8,77.595,35.24599999999971,59.214103071706184
2024-10-01 00:56:00,63516.9,63574.4,63513.7,63560.8,153.326,35.24599999999971,59.32023856658463
2024-10-01 00:57:00,63560.7,63568.6,63487.6,63519.9,224.467,35.24599999999971,60.86879295468572
2024-10-01 00:58:00,63519.9,63526.5,63500.0,63526.5,41.343,35.24599999999971,58.41387917220817
2024-10-01 00:59:00,63526.4,63526.4,63504.5,63513.2,47.818,35.24599999999971,55.812887802764735
2024-10-01 01:00:00,63513.2,63528.0,63505.6,63506.0,109.461,35.24599999999971,53.42625295971021
2024-10-01 01:01:00,63506.0,63527.9,63452.2,63460.0,89.059,35.24599999999971,55.01723489115979
2024-10-01 01:02:00,63459.9,63493.5,63454.5,63488.0,76.201,35.24599999999971,53.873146684648376
2024-10-01 01:03:00,63488.1,63518.2,63480.2,63507.0,75.106,35.24599999999971,52.73935049288777
2024-10-01 01:04:00,63507.0,63611.0,63507.0,63600.0,165.117,35.24599999999971,56.4008254576815
2024-10-01 01:05:00,63600.0,63603.0,63526.6,63548.1,135.709,35.24599999999971,57.829337924990064
2024-10-01 01:06:00,63548.0,63627.5,63548.0,63616.0,192.473,35.24599999999971,59.37724235891934
2024-10-01 01:07:00,63615.9,63621.9,63598.1,63599.9,121.577,35.24599999999971,56.83601076185388
2024-10-01 01:08:00,63599.9,63599.9,63555.3,63575.8,117.173,35.24599999999971,55.96200999314993
2024-10-01 01:09:00,63575.9,63582.4,63540.0,63549.6,39.843,35.24599999999971,54.993294993639324
2024-10-01 01:10:00,63549.6,63609.2,63549.6,63600.0,55.177,35.24599999999971,55.322345351236415
2024-10-01 01:11:00,63600.1,63616.7,63591.3,63606.0,91.682,35.24599999999971,53.18503496900483
2024-10-01 01:12:00,63605.9,63616.0,63399.5,63542.5,733.202,35.24599999999971,64.85038961407591
2024-10-01 01:13:00,63542.6,63542.6,63345.7,63452.3,982.341,35.24599999999971,74.28250464164202
2024-10-01 01:14:00,63452.3,63488.4,63452.2,63488.4,106.269,35.24599999999971,71.56232573866791
2024-10-01 01:15:00,63488.3,63499.0,63450.0,63480.0,121.906,35.24599999999971,69.95073104304878
2024-10-01 01:16:00,63479.9,63545.3,63479.9,63539.9,113.743,35.24599999999971,69.62567882568825
2024-10-01 01:17:00,63539.9,63566.5,63500.1,63566.5,86.651,35.24599999999971,69.39527319528206
2024-10-01 01:18:00,63566.6,63571.4,63521.0,63521.0,45.606,35.24599999999971,68.03846796704774
2024-10-01 01:19:00,63521.0,63530.7,63484.2,63509.0,63.056,35.24599999999971,66.50000596940147
2024-10-01 01:20:00,63509.0,63527.2,63487.0,63492.2,52.278,35.24599999999971,64.62143411444401
2024-10-01 01:21:00,63492.1,63516.3,63481.6,63491.7,52.738,35.24599999999971,62.48418882055547
2024-10-01 01:22:00,63491.6,63500.0,63480.0,63481.3,64.586,35.24599999999971,59.449603904801506
2024-10-01 01:23:00,63481.3,63481.3,63460.0,63463.8,100.326,35.24599999999971,56.72463219731589
2024-10-01 01:24:00,63463.7,63480.1,63450.0,63469.3,79.878,35.24599999999971,54.82287275465036
2024-10-01 01:25:00,63469.3,63485.4,63450.0,63462.0,64.149,35.24599999999971,53.435524700746875
2024-10-01 01:26:00,63462.0,63478.0,63450.0,63454.0,47.274,35.24599999999971,51.618701507836384
2024-10-01 01:27:00,63454.0,63474.2,63450.0,63474.2,171.65,35.24599999999971,49.660222828705
2024-10-01 01:28:00,63474.2,63544.0,63460.0,63544.0,81.647,35.24599999999971,52.11306405522607
2024-10-01 01:29:00,63544.0,63561.0,63521.5,63559.1,43.481,35.24599999999971,51.21213090842421
2024-10-01 01:30:00,63559.0,63582.1,63554.2,63569.9,70.037,35.24599999999971,49.54697870067973
2024-10-01 01:31:00,63569.9,63572.0,63536.6,63545.6,73.021,35.24599999999971,48.53648022205986
2024-10-01 01:32:00,63545.6,63581.2,63520.0,63550.0,53.915,35.24599999999971,49.44101734905537
2024-10-01 01:33:00,63549.9,63555.0,63527.5,63533.0,37.475,35.24599999999971,47.87380182412284
2024-10-01 01:34:00,63533.0,63552.0,63525.0,63552.0,24.548,35.24599999999971,46.382815979542634
2024-10-01 01:35:00,63551.9,63551.9,63525.1,63541.1,69.697,35.24599999999971,44.991186266718266
2024-10-01 01:36:00,63541.2,63598.0,63541.1,63580.9,133.047,35.24599999999971,45.841815819095636
2024-10-01 01:37:00,63580.9,63588.0,63545.5,63556.8,32.755,35.24599999999971,45.603114689160236
2024-10-01 01:38:00,63556.8,63568.7,63548.2,63568.6,17.197,35.24599999999971,43.81003506850594
2024-10-01 01:39:00,63568.6,63568.7,63548.4,63555.3,10.873,35.24599999999971,42.13074684932663
2024-10-01 01:40:00,63555.2,63599.3,63553.0,63599.3,41.722,35.24599999999971,42.428550645803504
2024-10-01 01:41:00,63599.3,63600.0,63558.4,63558.4,86.101,35.24599999999971,42.36936845681743
2024-10-01 01:42:00,63558.5,63579.5,63558.4,63578.1,21.885,35.24599999999971,40.85012785275894
2024-10-01 01:43:00,63578.1,63597.5,63558.5,63567.5,55.672,35.24599999999971,40.71797586327615
2024-10-01 01:44:00,63567.5,63567.5,63545.6,63557.2,30.624,35.24599999999971,39.3738347301851
2024-10-01 01:45:00,63557.2,63557.2,63490.3,63491.0,112.167,35.24599999999971,41.339989392314315
2024-10-01 01:46:00,63491.6,63526.2,63491.5,63513.2,91.287,35.24599999999971,40.90141872143452
2024-10-01 01:47:00,63513.2,63513.2,63490.4,63490.4,35.276,35.24599999999971,39.60846024133174
2024-10-01 01:48:00,63490.5,63505.7,63486.3,63486.4,41.379,35.24599999999971,38.16499879552192
2024-10-01 01:49:00,63486.3,63500.0,63451.6,63455.4,77.338,35.24599999999971,38.8960703101276
2024-10-01 01:50:00,63455.5,63458.5,63450.0,63457.7,275.692,35.24599999999971,36.72492243083276
2024-10-01 01:51:00,63457.7,63457.8,63450.0,63455.2,95.508,35.24599999999971,34.65885654291635
2024-10-01 01:52:00,63455.2,63455.3,63450.0,63450.0,80.399,35.24599999999971,32.56179536127967
2024-10-01 01:53:00,63450.0,63450.1,63408.2,63413.0,170.972,35.24599999999971,33.22880997833123
2024-10-01 01:54:00,63413.0,63424.1,63400.0,63423.9,92.465,35.24599999999971,32.57675212273604
2024-10-01 01:55:00,63423.8,63433.8,63423.8,63423.9,47.609,35.24599999999971,30.964126971112034
2024-10-01 01:56:00,63424.0,63424.0,63400.1,63400.1,53.7,35.24599999999971,30.45954647317556
2024-10-01 01:57:00,63400.1,63427.0,63400.1,63418.0,49.648,35.24599999999971,30.205293153663124
2024-10-01 01:58:00,63417.9,63458.1,63417.9,63458.0,35.726,35.24599999999971,30.91920078554412
2024-10-01 01:59:00,63458.0,63460.0,63434.1,63447.3,86.754,35.24599999999971,30.560686443719646
2024-10-01 02:00:00,63447.2,63447.2,63400.3,63400.3,70.051,35.24599999999971,31.7349231263111
2024-10-01 02:01:00,63400.4,63405.8,63400.0,63401.5,107.195,35.24599999999971,29.882428617289087
2024-10-01 02:02:00,63401.4,63432.7,63401.4,63429.7,65.854,35.24599999999971,29.98368371605384
2024-10-01 02:03:00,63429.7,63429.7,63400.0,63400.1,135.163,35.24599999999971,29.963420593478357
2024-10-01 02:04:00,63400.0,63400.1,63326.8,63336.9,542.047,35.24599999999971,33.05889055108673
2024-10-01 02:05:00,63336.9,63358.5,63326.2,63338.2,100.376,35.24599999999971,33.00468408315218
2024-10-01 02:06:00,63338.3,63350.0,63264.8,63268.6,158.387,35.24599999999971,36.732920934355384
2024-10-01 02:07:00,63268.6,63321.7,63264.8,63321.6,130.433,35.24599999999971,38.17342658190101
2024-10-01 02:08:00,63321.6,63380.2,63321.6,63350.1,62.795,35.24599999999971,39.632467540336556
2024-10-01 02:09:00,63350.2,63350.2,63321.6,63321.6,70.018,35.24599999999971,38.84443414459813
2024-10-01 02:10:00,63321.7,63331.6,63300.8,63300.8,39.832,35.24599999999971,38.26983170569796
2024-10-01 02:11:00,63300.8,63300.9,63254.3,63268.4,118.756,35.24599999999971,38.86484372671943
2024-10-01 02:12:00,63268.3,63268.4,63252.0,63252.1,81.499,35.24599999999971,37.260212031953856
2024-10-01 02:13:00,63252.1,63252.1,63200.0,63224.5,280.269,35.24599999999971,38.32019688681419
2024-10-01 02:14:00,63224.4,63224.5,63183.2,63214.8,152.527,35.24599999999971,38.53303996632767
2024-10-01 02:15:00,63214.8,63241.7,63150.0,63197.5,401.623,35.24599999999971,42.330679968732625
2024-10-01 02:16:00,63197.5,63232.0,63175.2,63231.9,113.48,35.24599999999971,43.36420282810907
2024-10-01 02:17:00,63232.0,63289.4,63231.9,63264.9,123.332,35.24599999999971,44.37390262610128
2024-10-01 02:18:00,63264.9,63285.5,63254.4,63282.1,54.786,35.24599999999971,43.425766724236794
2024-10-01 02:19:00,63282.1,63282.1,63250.0,63250.3,49.285,35.24599999999971,42.616783386791205
2024-10-01 02:20:00,63250.3,63272.7,63250.3,63263.7,31.236,35.24599999999971,41.172727430591415
2024-10-01 02:21:00,63263.7,63263.7,63232.0,63237.7,66.977,35.24599999999971,40.49610404269182
2024-10-01 02:22:00,63237.7,63267.0,63237.6,63241.5,75.63,35.24599999999971,39.703525182499654
2024-10-01 02:23:00,63241.5,63284.3,63241.4,63284.3,51.498,35.24599999999971,39.931844812321216
2024-10-01 02:24:00,63284.2,63338.2,63284.2,63338.1,86.463,35.24599999999971,40.936713040012556
2024-10-01 02:25:00,63338.2,63349.1,63331.1,63348.9,59.918,35.24599999999971,39.29837639429737
2024-10-01 02:26:00,63349.0,63361.5,63340.0,63340.1,81.111,35.24599999999971,38.0270637947047
2024-10-01 02:27:00,63340.0,63365.2,63328.0,63344.1,42.441,35.24599999999971,37.96798780936844
2024-10-01 02:28:00,63344.2,63344.2,63310.6,63330.0,50.129,35.24599999999971,37.655988680127734
2024-10-01 02:29:00,63330.0,63332.4,63312.0,63318.1,34.077,35.24599999999971,36.42341806011871
2024-10-01 02:30:00,63318.1,63359.3,63310.0,63359.3,51.027,35.24599999999971,37.343173912967586
2024-10-01 02:31:00,63359.2,63361.0,63342.1,63356.9,38.656,35.24599999999971,36.02580434775572
2024-10-01 02:32:00,63356.9,63380.0,63353.6,63380.0,50.207,35.24599999999971,35.3382468943447
2024-10-01 02:33:00,63379.9,63380.0,63360.0,63360.0,31.354,35.24599999999971,34.24265783046293
2024-10-01 02:34:00,63360.0,63390.0,63360.0,63389.9,43.201,35.24599999999971,33.93961084257272
2024-10-01 02:35:00,63390.0,63390.0,63355.0,63355.0,31.421,35.24599999999971,34.0153529252461
2024-10-01 02:36:00,63355.0,63384.7,63355.0,63356.1,74.728,35.24599999999971,33.70711343058546
2024-10-01 02:37:00,63356.2,63356.2,63337.7,63345.5,29.418,35.24599999999971,32.620891042686495
2024-10-01 02:38:00,63345.4,63351.3,63316.0,63316.1,33.786,35.24599999999971,32.812255968209094
2024-10-01 02:39:00,63316.0,63327.1,63305.6,63312.0,53.489,35.24599999999971,32.004237684765585
2024-10-01 02:40:00,63311.9,63347.2,63311.9,63341.0,35.944,35.24599999999971,32.23964927871059
2024-10-01 02:41:00,63340.9,63373.5,63340.9,63373.5,31.256,35.24599999999971,32.26538861594544
2024-10-01 02:42:00,63373.5,63373.5,63341.7,63345.6,50.042,35.24599999999971,32.23214657194954
2024-10-01 02:43:00,63345.5,63345.6,63335.3,63343.3,26.307,35.24599999999971,30.665564673952836
2024-10-01 02:44:00,63343.3,63343.4,63330.0,63330.0,16.756,35.24599999999971,29.43231005438488
2024-10-01 02:45:00,63330.1,63330.1,63296.9,63311.4,50.858,35.24599999999971,29.701430764785755
2024-10-01 02:46:00,63311.4,63311.4,63288.0,63288.0,22.301,35.24599999999971,29.25132856730116
2024-10-01 02:47:00,63288.0,63288.0,63261.0,63271.7,57.476,35.24599999999971,29.090519383922505
2024-10-01 02:48:00,63271.7,63277.0,63264.0,63273.0,32.166,35.24599999999971,27.941196570785184
2024-10-01 02:49:00,63273.0,63303.7,63272.9,63303.7,46.733,35.24599999999971,28.145396815728787
2024-10-01 02:50:00,63303.7,63303.7,63290.6,63295.0,39.153,35.24599999999971,27.070725614605198
2024-10-01 02:51:00,63294.2,63296.0,63272.9,63285.2,24.028,35.24599999999971,26.78710235641901
2024-10-01 02:52:00,63285.5,63318.0,63285.5,63310.7,33.777,35.24599999999971,27.216595045246432
2024-10-01 02:53:00,63310.8,63321.6,63288.0,63319.0,44.11,35.24599999999971,27.67255254201444
2024-10-01 02:54:00,63319.0,63378.0,63318.9,63376.5,47.805,35.24599999999971,29.917370217584732
2024-10-01 02:55:00,63376.6,63396.6,63363.8,63390.0,58.403,35.24599999999971,30.123272344899796
2024-10-01 02:56:00,63390.1,63438.6,63390.0,63438.6,167.119,35.24599999999971,31.443038605978277
2024-10-01 02:57:00,63438.7,63439.3,63425.7,63434.6,55.569,35.24599999999971,30.168535848408816
2024-10-01 02:58:00,63434.5,63434.5,63411.0,63411.0,53.16,35.24599999999971,29.69935471637951
2024-10-01 02:59:00,63411.0,63427.8,63411.0,63427.8,28.494,35.24599999999971,28.777972236638327
2024-10-01 03:00:00,63427.8,63449.7,63422.6,63423.0,107.972,35.24599999999971,28.65811707687834
2024-10-01 03:01:00,63423.1,63423.1,63410.9,63415.3,30.495,35.24599999999971,27.48253728567254
2024-10-01 03:02:00,63415.3,63462.4,63415.3,63455.9,109.943,35.24599999999971,28.88378462241011
2024-10-01 03:03:00,63455.8,63463.0,63442.0,63461.0,64.586,35.24599999999971,28.320657149380818
2024-10-01 03:04:00,63461.0,63461.0,63451.0,63457.0,44.644,35.24599999999971,27.012038781567902
2024-10-01 03:05:00,63457.0,63476.4,63430.8,63431.0,116.026,35.24599999999971,28.33975029717009
2024-10-01 03:06:00,63431.0,63520.0,63430.9,63513.6,320.707,35.24599999999971,32.679768133086405
2024-10-01 03:07:00,63513.6,63551.6,63513.6,63551.6,96.318,35.24599999999971,33.05978469500881
2024-10-01 03:08:00,63551.6,63551.6,63533.9,63548.0,82.889,35.24599999999971,31.962657216793684
2024-10-01 03:09:00,63548.1,63555.2,63542.0,63542.1,53.887,35.24599999999971,30.622467415593924
2024-10-01 03:10:00,63542.0,63600.0,63542.0,63599.9,116.195,35.24599999999971,32.57800545733722
2024-10-01 03:11:00,63600.0,63600.0,63579.9,63580.0,110.733,35.24599999999971,31.686719353241603
2024-10-01 03:12:00,63579.9,63580.0,63558.6,63577.6,51.554,35.24599999999971,30.951953685153022
2024-10-01 03:13:00,63577.6,63602.3,63565.6,63599.4,94.572,35.24599999999971,31.36252842192812
2024-10-01 03:14:00,63599.4,63605.9,63591.0,63605.9,172.024,35.24599999999971,30.186633534647644
2024-10-01 03:15:00,63605.9,63605.9,63581.8,63600.8,153.212,35.24599999999971,29.75187399645842
2024-10-01 03:16:00,63600.7,63672.0,63600.0,63672.0,253.964,35.24599999999971,32.76959728242568
2024-10-01 03:17:00,63671.9,63683.5,63608.6,63614.6,215.262,35.24599999999971,35.77891176225252
2024-10-01 03:18:00,63614.6,63624.7,63594.0,63601.7,130.64,35.24599999999971,35.41613235066284
2024-10-01 03:19:00,63601.6,63609.8,63559.4,63578.0,115.714,35.24599999999971,36.486408611329885
2024-10-01 03:20:00,63577.9,63605.1,63562.1,63605.1,104.809,35.24599999999971,36.951665139092036
2024-10-01 03:21:00,63605.2,63625.7,63600.0,63625.7,74.758,35.24599999999971,36.147974772013825
2024-10-01 03:22:00,63625.7,63649.3,63615.7,63619.4,73.686,35.24599999999971,35.965976574013254
2024-10-01 03:23:00,63619.4,63622.4,63578.3,63581.5,59.455,35.24599999999971,36.54697824729792
2024-10-01 03:24:00,63581.5,63590.1,63564.4,63564.5,51.468,35.24599999999971,35.77219408677643
2024-10-01 03:25:00,63564.5,63564.5,63502.7,63504.2,193.993,35.24599999999971,37.631323080578326
2024-10-01 03:26:00,63504.1,63543.0,63504.1,63542.9,84.512,35.24599999999971,37.72194286053712
2024-10-01 03:27:00,63543.0,63550.0,63538.8,63550.0,61.042,35.24599999999971,35.827518370498545
2024-10-01 03:28:00,63549.9,63550.0,63516.4,63521.2,28.771,35.24599999999971,35.66840991546283
2024-10-01 03:29:00,63521.2,63526.3,63521.2,63523.5,31.701,35.24599999999971,33.48495206435876
2024-10-01 03:30:00,63523.5,63557.0,63523.2,63539.3,60.56,35.24599999999971,33.50745548833334
2024-10-01 03:31:00,63539.3,63584.7,63524.3,63584.6,52.856,35.24599999999971,35.42835152488055
2024-10-01 03:32:00,63584.7,63584.7,63561.9,63562.1,49.414,35.24599999999971,34.52632641596019
2024-10-01 03:33:00,63562.1,63608.4,63550.0,63608.4,63.053,35.24599999999971,36.231588814820284
2024-10-01 03:34:00,63608.4,63613.8,63598.6,63604.9,73.622,35.24599999999971,34.72933247090486
2024-10-01 03:35:00,63605.0,63605.2,63560.5,63578.5,35.758,35.24599999999971,35.44152300869716
2024-10-01 03:36:00,63578.5,63586.2,63557.8,63586.2,35.742,35.24599999999971,34.93855707950409
2024-10-01 03:37:00,63586.1,63625.0,63579.9,63625.0,39.177,35.24599999999971,35.66437443096798
2024-10-01 03:38:00,63625.0,63630.0,63595.8,63625.9,64.984,35.24599999999971,35.55977625732721
2024-10-01 03:39:00,63625.9,63657.6,63625.8,63648.2,68.41,35.24599999999971,35.29122081037495
2024-10-01 03:40:00,63648.1,63659.7,63648.1,63659.7,74.775,35.24599999999971,33.59899075249093
2024-10-01 03:41:00,63659.6,63694.4,63659.6,63692.2,113.176,35.24599999999971,33.68477712731321
2024-10-01 03:42:00,63692.2,63692.2,63667.0,63667.1,61.282,35.24599999999971,33.078721618219205
2024-10-01 03:43:00,63667.0,63698.0,63663.1,63697.9,121.495,35.24599999999971,33.20881293120365
2024-10-01 03:44:00,63698.0,63724.5,63697.9,63718.9,183.657,35.24599999999971,32.736754864689
2024-10-01 03:45:00,63718.9,63718.9,63677.0,63695.0,133.004,35.24599999999971,33.39127237435417
2024-10-01 03:46:00,63694.9,63707.1,63682.7,63699.9,122.735,35.24599999999971,32.74903863332898
2024-10-01 03:47:00,63699.9,63700.0,63680.0,63700.0,64.184,35.24599999999971,31.83839301666262
2024-10-01 03:48:00,63699.9,63726.0,63699.9,63717.4,139.769,35.24599999999971,31.428507801186615
2024-10-01 03:49:00,63717.4,63719.1,63690.5,63705.2,81.473,35.24599999999971,31.22647152967318
2024-10-01 03:50:00,63705.2,63705.2,63653.6,63653.6,88.158,35.24599999999971,32.68172356326785
2024-10-01 03:51:00,63653.6,63691.5,63652.1,63683.3,65.597,35.24599999999971,33.16160045160596
2024-10-01 03:52:00,63683.2,63691.8,63661.5,63661.6,40.34,35.24599999999971,32.9572004193486
2024-10-01 03:53:00,63661.7,63676.7,63660.0,63673.2,30.857,35.24599999999971,31.79597181796635
2024-10-01 03:54:00,63673.3,63699.0,63673.2,63698.4,33.17,35.24599999999971,31.367688116683247
2024-10-01 03:55:00,63698.3,63698.4,63679.2,63689.6,48.471,35.24599999999971,30.49856753692047
2024-10-01 03:56:00,63689.5,63698.9,63673.6,63698.8,87.946,35.24599999999971,30.127241284283503
2024-10-01 03:57:00,63698.8,63715.3,63698.8,63702.2,62.007,35.24599999999971,29.153866906834683
2024-10-01 03:58:00,63702.1,63732.0,63702.1,63721.1,86.94,35.24599999999971,29.207162127775167
2024-10-01 03:59:00,63721.2,63724.7,63707.2,63707.2,67.038,35.24599999999971,28.370936261505513
2024-10-01 04:00:00,63707.2,63723.3,63689.2,63702.2,117.844,35.24599999999971,28.78015509996982
2024-10-01 04:01:00,63702.2,63702.2,63680.0,63695.8,75.114,35.24599999999971,28.31014402140034
2024-10-01 04:02:00,63695.8,63695.9,63650.8,63650.8,74.845,35.24599999999971,29.509419448443072
2024-10-01 04:03:00,63650.8,63701.0,63643.9,63701.0,70.429,35.24599999999971,31.480175202125604
2024-10-01 04:04:00,63701.2,63772.9,63701.2,63739.4,409.206,35.24599999999971,34.36730554483102
2024-10-01 04:05:00,63739.5,63758.8,63731.2,63756.9,171.684,35.24599999999971,33.8839265773435
2024-10-01 04:06:00,63756.9,63819.0,63756.8,63799.9,526.468,35.24599999999971,35.90650325039019
2024-10-01 04:07:00,63800.0,63824.9,63730.0,63747.1,229.306,35.24599999999971,40.120324446790995
2024-10-01 04:08:00,63747.0,63755.0,63715.4,63715.5,110.106,35.24599999999971,40.083158414877246
2024-10-01 04:09:00,63715.4,63731.2,63674.0,63686.5,152.28,35.24599999999971,41.30578995667152
2024-10-01 04:10:00,63686.6,63688.2,63662.9,63669.9,86.606,35.24599999999971,40.16251924548038
2024-10-01 04:11:00,63669.9,63694.6,63669.8,63686.3,42.317,35.24599999999971,39.06519644223147
2024-10-01 04:12:00,63686.3,63686.4,63658.5,63658.5,38.786,35.24599999999971,38.26768241064361
2024-10-01 04:13:00,63658.5,63660.8,63627.6,63660.7,138.078,35.24599999999971,37.90570509559795
2024-10-01 04:14:00,63660.7,63674.8,63650.0,63650.0,45.509,35.24599999999971,36.96958330305545
2024-10-01 04:15:00,63650.1,63674.8,63650.0,63674.8,47.351,35.24599999999971,36.10032735283741
2024-10-01 04:16:00,63674.7,63683.9,63662.6,63683.9,48.884,35.24599999999971,35.043161113349235
2024-10-01 04:17:00,63683.8,63695.0,63676.8,63694.9,76.646,35.24599999999971,33.840078176681224
2024-10-01 04:18:00,63694.9,63700.0,63687.8,63700.0,38.748,35.24599999999971,32.29435830691807
2024-10-01 04:19:00,63700.0,63760.6,63696.0,63758.1,114.024,35.24599999999971,34.6019041421381
2024-10-01 04:20:00,63758.2,63760.0,63712.0,63712.0,52.818,35.24599999999971,35.55891098912824
2024-10-01 04:21:00,63712.0,63770.0,63712.0,63762.9,127.254,35.24599999999971,37.161845918476224
2024-10-01 04:22:00,63762.9,63768.3,63747.0,63747.1,46.935,35.24599999999971,36.02885692429956
2024-10-01 04:23:00,63747.0,63759.9,63739.9,63745.1,77.496,35.24599999999971,34.88393857256388
2024-10-01 04:24:00,63745.1,63745.1,63710.0,63712.4,47.929,35.24599999999971,34.899371531666354
2024-10-01 04:25:00,63712.4,63741.5,63712.4,63725.8,67.111,35.24599999999971,34.48513070797579
2024-10-01 04:26:00,63725.4,63737.2,63710.4,63710.5,51.086,35.24599999999971,33.93619280026292
2024-10-01 04:27:00,63710.5,63748.2,63710.4,63748.2,36.119,35.24599999999971,34.212179028815264
2024-10-01 04:28:00,63748.2,63762.2,63747.5,63751.5,87.105,35.24599999999971,32.81845195532825
2024-10-01 04:29:00,63751.5,63765.0,63750.4,63764.9,90.081,35.24599999999971,31.517133958518986
2024-10-01 04:30:00,63764.9,63770.0,63749.3,63749.4,104.183,35.24599999999971,30.744481532910278
2024-10-01 04:31:00,63749.3,63770.0,63747.6,63770.0,31.085,35.24599999999971,30.148447137702505
2024-10-01 04:32:00,63770.0,63804.7,63769.9,63790.5,160.65,35.24599999999971,30.480700913580588
2024-10-01 04:33:00,63790.5,63810.0,63765.3,63791.3,177.863,35.24599999999971,31.49636513403891
2024-10-01 04:34:00,63791.3,63799.9,63769.0,63788.8,212.628,35.24599999999971,31.453767624464806
2024-10-01 04:35:00,63788.8,63808.0,63782.1,63807.9,97.155,35.24599999999971,31.05706993700314
2024-10-01 04:36:00,63808.0,63810.0,63788.4,63795.3,86.029,35.24599999999971,30.38156494150281
2024-10-01 04:37:00,63795.2,63810.0,63771.8,63788.3,86.898,35.24599999999971,30.940024588538115
2024-10-01 04:38:00,63788.2,63850.0,63788.2,63827.2,152.109,35.24599999999971,33.144308546499886
2024-10-01 04:39:00,63827.1,63845.5,63818.5,63829.3,108.171,35.24599999999971,32.705429364607035
2024-10-01 04:40:00,63829.2,63835.2,63788.3,63800.2,106.319,35.24599999999971,33.71932726713469
2024-10-01 04:41:00,63800.2,63814.2,63797.6,63797.6,62.331,35.24599999999971,32.49651817662497
2024-10-01 04:42:00,63797.7,63797.7,63769.6,63774.3,77.054,35.24599999999971,32.18248116400879
2024-10-01 04:43:00,63774.3,63774.4,63751.4,63751.4,57.372,35.24599999999971,31.526589652293875
2024-10-01 04:44:00,63751.5,63787.7,63751.4,63787.7,52.425,35.24599999999971,31.86754753427257
2024-10-01 04:45:00,63787.9,63790.0,63778.1,63781.3,42.398,35.24599999999971,30.441294138967493
2024-10-01 04:46:00,63781.4,63799.0,63780.0,63791.4,45.611,35.24599999999971,29.624058843326956
2024-10-01 04:47:00,63791.5,63801.9,63750.0,63763.5,63.279,35.24599999999971,31.215197497375133
2024-10-01 04:48:00,63763.5,63807.3,63763.4,63799.9,65.422,35.24599999999971,32.1212548189913
2024-10-01 04:49:00,63800.0,63814.4,63791.6,63791.6,59.803,35.24599999999971,31.455450903349266
2024-10-01 04:50:00,63791.6,63797.8,63775.6,63794.6,36.881,35.24599999999971,30.79434726739606
2024-10-01 04:51:00,63794.7,63794.7,63766.2,63785.0,31.455,35.24599999999971,30.630465319724912
2024-10-01 04:52:00,63785.0,63798.2,63784.9,63792.0,92.268,35.24599999999971,29.392574939744247
2024-10-01 04:53:00,63791.9,63829.7,63791.9,63812.3,41.316,35.24599999999971,29.993105301190774
2024-10-01 04:54:00,63812.2,63821.2,63792.0,63792.0,54.652,35.24599999999971,29.93645492253408
2024-10-01 04:55:00,63792.0,63803.9,63775.7,63803.7,74.304,35.24599999999971,29.81242242806767
2024-10-01 04:56:00,63803.8,63803.8,63785.2,63792.8,31.176,35.24599999999971,29.011535111777537
2024-10-01 04:57:00,63792.8,63808.0,63785.0,63785.1,60.977,35.24599999999971,28.58213974665057
2024-10-01 04:58:00,63785.1,63820.8,63785.1,63814.8,96.797,35.24599999999971,29.09055833617584
2024-10-01 04:59:00,63814.9,63843.2,63802.9,63835.9,171.112,35.24599999999971,29.8912327407344
2024-10-01 05:00:00,63836.0,63872.0,63802.4,63808.3,405.716,35.24599999999971,32.72757325925327
2024-10-01 05:01:00,63808.3,63815.5,63781.0,63781.1,142.824,35.24599999999971,32.85417516930661
2024-10-01 05:02:00,63781.0,63789.4,63775.3,63775.3,69.508,35.24599999999971,31.514591228641745
2024-10-01 05:03:00,63775.3,63777.0,63764.9,63774.9,105.673,35.24599999999971,30.127834712310086
2024-10-01 05:04:00,63774.9,63793.8,63769.7,63769.7,77.563,35.24599999999971,29.69727509000264
2024-10-01 05:05:00,63769.7,63785.3,63757.7,63757.7,81.43,35.24599999999971,29.54746972643144
2024-10-01 05:06:00,63757.7,63757.7,63710.6,63727.5,88.532,35.24599999999971,30.801221888829094
2024-10-01 05:07:00,63727.6,63741.5,63717.5,63729.9,141.672,35.24599999999971,30.315420325341304
2024-10-01 05:08:00,63729.9,63753.9,63729.9,63745.6,69.538,35.24599999999971,29.86431887353121
2024-10-01 05:09:00,63745.5,63784.0,63745.5,63776.8,62.61,35.24599999999971,30.481153239707556
2024-10-01 05:10:00,63776.9,63781.0,63747.9,63758.0,104.53,35.24599999999971,30.668213722585485
2024-10-01 05:11:00,63758.0,63771.8,63750.4,63771.8,48.023,35.24599999999971,30.006198456686626
2024-10-01 05:12:00,63771.8,63771.8,63739.0,63740.2,43.068,35.24599999999971,30.205755709780647
2024-10-01 05:13:00,63740.2,63751.1,63693.5,63693.5,108.32,35.24599999999971,32.16248744479621
2024-10-01 05:14:00,63693.5,63731.0,63693.5,63730.9,102.48,35.24599999999971,32.54373834159649
2024-10-01 05:15:00,63730.9,63750.0,63730.9,63739.7,38.253,35.24599999999971,31.583471317196633
2024-10-01 05:16:00,63739.7,63767.6,63739.7,63767.5,26.75,35.24599999999971,31.32036622311126
2024-10-01 05:17:00,63767.6,63767.6,63755.5,63755.6,40.012,35.24599999999971,29.947482921460352
2024-10-01 05:18:00,63755.5,63761.1,63725.5,63725.5,26.488,35.24599999999971,30.35123414135594
2024-10-01 05:19:00,63725.6,63725.6,63696.0,63698.1,43.828,35.24599999999971,30.297574559830412
2024-10-01 05:20:00,63698.1,63699.9,63676.3,63699.9,118.755,35.24599999999971,29.81917637698528
2024-10-01 05:21:00,63699.9,63726.6,63699.8,63726.5,21.792,35.24599999999971,29.60352092148602
2024-10-01 05:22:00,63726.6,63726.6,63710.5,63718.1,36.212,35.24599999999971,28.638983712808344
2024-10-01 05:23:00,63718.1,63730.0,63712.3,63729.9,19.242,35.24599999999971,27.857627733321827
2024-10-01 05:24:00,63730.0,63730.0,63724.8,63730.0,18.278,35.24599999999971,26.23922575237006
2024-10-01 05:25:00,63730.0,63730.0,63710.6,63712.0,41.539,35.24599999999971,25.750709627200877
2024-10-01 05:26:00,63712.1,63716.0,63706.0,63706.0,39.114,35.24599999999971,24.625658939543673
2024-10-01 05:27:00,63705.2,63705.2,63650.0,63661.0,220.842,35.24599999999971,26.866683301004837
2024-10-01 05:28:00,63661.0,63661.1,63659.8,63659.8,36.223,35.24599999999971,25.040491636647037
2024-10-01 05:29:00,63659.8,63697.0,63659.8,63696.9,137.677,35.24599999999971,25.909027948314897
2024-10-01 05:30:00,63697.0,63697.0,63671.1,63671.2,34.665,35.24599999999971,25.90838309486394
2024-10-01 05:31:00,63671.1,63671.2,63658.1,63658.2,34.32,35.24599999999971,24.993498588087842
2024-10-01 05:32:00,63658.2,63689.2,63657.4,63689.2,30.249,35.24599999999971,25.47967726036697
2024-10-01 05:33:00,63689.1,63703.3,63680.0,63703.3,34.071,35.24599999999971,25.323986027483823
2024-10-01 05:34:00,63703.3,63712.7,63700.0,63705.6,42.025,35.24599999999971,24.4222727398062
2024-10-01 05:35:00,63705.6,63710.0,63705.5,63709.9,23.746,35.24599999999971,22.99925325839147
2024-10-01 05:36:00,63709.9,63732.4,63709.9,63718.1,45.242,35.24599999999971,22.963592311363506
2024-10-01 05:37:00,63718.0,63726.8,63717.7,63724.1,23.661,35.24599999999971,21.9733357176951
2024-10-01 05:38:00,63724.0,63724.1,63703.0,63703.0,20.345,35.24599999999971,21.91095459500249
2024-10-01 05:39:00,63703.0,63703.0,63673.6,63673.6,27.392,35.24599999999971,22.445886409645276
2024-10-01 05:40:00,63673.7,63680.1,63658.9,63658.9,39.159,35.24599999999971,22.356894523241834
2024-10-01 05:41:00,63659.0,63668.0,63658.9,63668.0,39.01,35.24599999999971,21.409973485867315
2024-10-01 05:42:00,63667.9,63689.2,63667.9,63680.0,41.384,35.24599999999971,21.40211823687648
2024-10-01 05:43:00,63680.0,63685.7,63680.0,63685.7,11.383,35.24599999999971,20.280538362813665
2024-10-01 05:44:00,63685.6,63685.7,63677.0,63677.7,32.066,35.24599999999971,19.453357051183907
2024-10-01 05:45:00,63677.7,63702.7,63677.7,63702.7,25.09,35.24599999999971,19.849545833242196
2024-10-01 05:46:00,63702.6,63725.9,63702.6,63725.9,75.526,35.24599999999971,20.096006845153678
2024-10-01 05:47:00,63725.9,63727.6,63709.7,63710.5,36.721,35.24599999999971,19.93914921335709
2024-10-01 05:48:00,63710.5,63721.6,63710.5,63721.6,15.657,35.24599999999971,19.307781412402907
2024-10-01 05:49:00,63721.6,63723.5,63711.7,63723.4,15.843,35.24599999999971,18.771511311517195
2024-10-01 05:50:00,63723.4,63724.5,63723.4,63723.5,18.992,35.24599999999971,17.509260503551577
2024-10-01 05:51:00,63723.6,63738.3,63723.5,63738.2,30.144,35.24599999999971,17.31574189615524
2024-10-01 05:52:00,63738.2,63738.3,63730.0,63733.4,16.995,35.24599999999971,16.671760332144363
2024-10-01 05:53:00,63733.4,63733.4,63733.3,63733.4,13.264,35.24599999999971,15.488063165562519
2024-10-01 05:54:00,63733.4,63733.4,63685.0,63685.0,46.938,35.24599999999971,17.83891579659387
2024-10-01 05:55:00,63685.1,63695.4,63685.0,63695.4,25.614,35.24599999999971,17.30756466826584
2024-10-01 05:56:00,63695.4,63695.4,63685.0,63695.4,17.67,35.24599999999971,16.814167191961243
2024-10-01 05:57:00,63695.3,63714.3,63695.3,63714.3,18.02,35.24599999999971,16.970298106821154
2024-10-01 05:58:00,63714.3,63728.0,63714.2,63728.0,37.372,35.24599999999971,16.743848242048422
2024-10-01 05:59:00,63728.0,63733.9,63727.9,63733.9,25.708,35.24599999999971,15.976430510473534
2024-10-01 06:00:00,63733.9,63755.0,63731.0,63750.9,120.168,35.24599999999971,16.549542616868283
2024-10-01 06:01:00,63750.9,63771.8,63750.8,63764.0,66.5,35.24599999999971,16.867432429949123
2024-10-01 06:02:00,63764.0,63803.7,63757.0,63802.5,206.445,35.24599999999971,18.998330113523973
2024-10-01 06:03:00,63802.6,63814.7,63790.0,63790.1,142.301,35.24599999999971,19.405592248272054
2024-10-01 06:04:00,63790.1,63814.8,63790.0,63814.8,163.053,35.24599999999971,19.7909070876814
2024-10-01 06:05:00,63814.8,63826.0,63814.7,63826.0,47.316,35.24599999999971,19.184413724275796
2024-10-01 06:06:00,63825.9,63855.9,63825.9,63855.0,155.759,35.24599999999971,19.956955601113236
2024-10-01 06:07:00,63855.0,63882.0,63850.0,63866.2,343.46,35.24599999999971,20.817173058176575
2024-10-01 06:08:00,63866.2,63899.0,63866.1,63878.0,201.76,35.24599999999971,21.68023212544978
2024-10-01 06:09:00,63878.1,63897.6,63870.0,63870.1,90.511,35.24599999999971,22.10307268791755
2024-10-01 06:10:00,63870.1,63870.1,63860.0,63860.1,251.544,35.24599999999971,21.24571035306619
2024-10-01 06:11:00,63860.1,63860.1,63835.0,63839.7,67.581,35.24599999999971,21.5210167564185
2024-10-01 06:12:00,63839.7,63858.4,63835.0,63852.0,58.36,35.24599999999971,21.655229845245856
2024-10-01 06:13:00,63852.1,63852.1,63840.0,63845.0,41.496,35.24599999999971,20.97271342772819
2024-10-01 06:14:00,63844.9,63859.0,63844.9,63858.3,28.663,35.24599999999971,20.4818053257475
2024-10-01 06:15:00,63858.4,63923.2,63858.3,63907.4,199.949,35.24599999999971,23.65453351676512
2024-10-01 06:16:00,63907.4,63917.4,63890.0,63901.4,116.565,35.24599999999971,23.922066836996287
2024-10-01 06:17:00,63901.4,63914.7,63901.3,63911.6,58.592,35.24599999999971,23.17049063435328
2024-10-01 06:18:00,63911.5,63933.3,63911.5,63930.1,110.24,35.24599999999971,23.072598446185395
2024-10-01 06:19:00,63930.0,63930.1,63919.1,63928.1,65.038,35.24599999999971,22.210269985743583
2024-10-01 06:20:00,63928.2,63937.0,63911.5,63919.9,106.277,35.24599999999971,22.445250701047616
2024-10-01 06:21:00,63919.9,63927.1,63913.2,63915.4,88.699,35.24599999999971,21.83487565097289
2024-10-01 06:22:00,63915.5,63915.5,63902.5,63910.9,86.614,35.24599999999971,21.203813104474825
2024-10-01 06:23:00,63910.9,63930.0,63910.9,63920.5,86.228,35.24599999999971,21.05354073986938
2024-10-01 06:24:00,63920.6,63971.8,63914.4,63960.2,277.567,35.24599999999971,23.649716401307387
2024-10-01 06:25:00,63960.2,63977.0,63946.8,63976.8,106.161,35.24599999999971,24.117593801213793
2024-10-01 06:26:00,63976.9,64016.0,63976.8,63996.3,981.432,35.24599999999971,25.194908529698317
2024-10-01 06:27:00,63996.3,64004.5,63954.3,63954.3,165.069,35.24599999999971,26.980986491862517
2024-10-01 06:28:00,63954.3,63961.7,63950.8,63950.8,100.728,35.24599999999971,25.832344599586207
2024-10-01 06:29:00,63950.9,63961.7,63950.8,63957.6,54.601,35.24599999999971,24.765748556758208
2024-10-01 06:30:00,63957.6,63998.5,63955.3,63960.2,100.516,35.24599999999971,26.082480802703845
2024-10-01 06:31:00,63960.3,63996.0,63960.3,63962.7,65.233,35.24599999999971,26.77658931679664
2024-10-01 06:32:00,63962.6,63980.9,63953.7,63953.7,83.588,35.24599999999971,26.806832937025764
2024-10-01 06:33:00,63953.7,63968.0,63930.7,63940.0,119.595,35.24599999999971,27.55634487009556
2024-10-01 06:34:00,63940.1,63940.1,63901.1,63924.0,137.513,35.24599999999971,28.373748807945876
2024-10-01 06:35:00,63924.0,63954.6,63923.9,63944.2,49.271,35.24599999999971,28.539909607378103
2024-10-01 06:36:00,63944.2,63964.8,63944.2,63960.0,43.031,35.24599999999971,27.97277320685151
2024-10-01 06:37:00,63960.0,63965.3,63950.0,63950.1,48.593,35.24599999999971,27.067575120648037
2024-10-01 06:38:00,63950.1,63950.1,63926.7,63931.0,61.966,35.24599999999971,26.805605469173283
2024-10-01 06:39:00,63931.0,63937.0,63931.0,63936.2,30.306,35.24599999999971,25.319490792803766
2024-10-01 06:40:00,63936.2,63936.2,63925.9,63928.6,28.579,35.24599999999971,24.2466700218889
2024-10-01 06:41:00,63928.6,63928.6,63871.6,63888.4,291.37,35.24599999999971,26.58619359175398
2024-10-01 06:42:00,63888.3,63913.6,63888.3,63913.5,40.211,35.24599999999971,26.494322620914097
2024-10-01 06:43:00,63913.5,63913.6,63884.5,63884.6,41.953,35.24599999999971,26.680442433705846
2024-10-01 06:44:00,63884.6,63895.9,63876.4,63889.6,50.366,35.24599999999971,26.167553688441142
2024-10-01 06:45:00,63889.7,63909.8,63889.6,63909.7,42.346,35.24599999999971,25.7412998535528
2024-10-01 06:46:00,63909.7,63928.6,63904.9,63907.2,63.152,35.24599999999971,25.59549272115596
2024-10-01 06:47:00,63907.3,63933.5,63907.2,63933.4,46.141,35.24599999999971,25.645814669645027
2024-10-01 06:48:00,63933.5,63933.5,63923.1,63925.8,58.233,35.24599999999971,24.55682790752763
2024-10-01 06:49:00,63925.9,63950.0,63924.9,63940.0,155.44,35.24599999999971,24.595625914132693
2024-10-01 06:50:00,63940.0,63940.0,63938.6,63939.4,46.174,35.24599999999971,22.938795491694748
2024-10-01 06:51:00,63939.3,63980.0,63939.3,63980.0,134.032,35.24599999999971,24.207452956573487
2024-10-01 06:52:00,63979.9,64000.0,63979.9,63980.1,112.894,35.24599999999971,23.914063459675276
2024-10-01 06:53:00,63980.2,63997.7,63980.1,63986.6,84.275,35.24599999999971,23.463058926841224
2024-10-01 06:54:00,63986.6,63997.3,63986.5,63995.0,86.288,35.24599999999971,22.558554717781345
2024-10-01 06:55:00,63994.9,63999.9,63990.7,63999.9,67.76,35.24599999999971,21.604372237940133
2024-10-01 06:56:00,63999.9,64048.0,63999.8,64042.7,915.803,35.24599999999971,23.504059935229915
2024-10-01 06:57:00,64042.7,64070.0,64032.1,64032.1,292.272,35.24599999999971,24.532341368427883
2024-10-01 06:58:00,64032.1,64055.0,64011.8,64022.9,169.686,35.24599999999971,25.865745556397112
2024-10-01 06:59:00,64023.0,64023.0,64000.0,64005.8,111.108,35.24599999999971,25.661049445225892
2024-10-01 07:00:00,64005.9,64053.0,64001.1,64025.1,360.726,35.24599999999971,27.53526019913843
2024-10-01 07:01:00,64025.1,64025.1,63975.3,63985.3,170.305,35.24599999999971,29.12559875634252
2024-10-01 07:02:00,63985.2,64012.8,63984.0,63998.4,128.565,35.24599999999971,29.10234170231826
2024-10-01 07:03:00,63998.5,64011.5,63983.1,64001.6,56.789,35.24599999999971,29.05217443786706
2024-10-01 07:04:00,64001.6,64012.8,64001.5,64008.2,57.787,35.24599999999971,27.784161978019622
2024-10-01 07:05:00,64008.2,64028.9,64001.8,64024.8,119.465,35.24599999999971,27.73529326530383
2024-10-01 07:06:00,64024.9,64024.9,63982.1,63993.1,211.901,35.24599999999971,28.811343746353767
2024-10-01 07:07:00,63993.2,64000.1,63986.5,63986.5,34.801,35.24599999999971,27.72481919304268
2024-10-01 07:08:00,63986.6,63986.6,63967.1,63968.0,130.291,35.24599999999971,27.137332107825348
2024-10-01 07:09:00,63968.0,63971.6,63927.9,63930.0,515.697,35.24599999999971,28.320379814409044
2024-10-01 07:10:00,63930.0,63945.0,63916.3,63925.9,79.704,35.24599999999971,28.347495541951048
2024-10-01 07:11:00,63926.0,63955.5,63925.9,63928.1,117.202,35.24599999999971,28.4369601460973
2024-10-01 07:12:00,63928.1,63972.9,63928.0,63964.9,46.101,35.24599999999971,29.61289156423331
2024-10-01 07:13:00,63964.9,63965.0,63935.3,63938.0,52.03,35.24599999999971,29.619113595359295
2024-10-01 07:14:00,63938.0,63949.2,63926.2,63926.3,26.255,35.24599999999971,29.146319767119344
2024-10-01 07:15:00,63926.2,63953.2,63926.2,63941.8,54.261,35.24599999999971,28.993011212325108
2024-10-01 07:16:00,63941.8,63960.0,63929.0,63946.0,44.978,35.24599999999971,29.136367554301888
2024-10-01 07:17:00,63945.9,63955.0,63934.1,63934.1,26.561,35.24599999999971,28.548055586137572
2024-10-01 07:18:00,63934.2,63934.2,63911.0,63911.0,63.924,35.24599999999971,28.166051615698965
2024-10-01 07:19:00,63911.1,63911.1,63890.7,63895.9,124.486,35.24599999999971,27.611333643149145
2024-10-01 07:20:00,63896.0,63916.8,63895.9,63907.3,38.39,35.24599999999971,27.131952668638597
2024-10-01 07:21:00,63907.3,63945.3,63902.2,63941.9,47.942,35.24599999999971,28.27252747802197
2024-10-01 07:22:00,63941.9,63960.0,63941.9,63945.2,61.463,35.24599999999971,27.54591837244887
2024-10-01 07:23:00,63945.3,63945.3,63911.2,63919.9,100.729,35.24599999999971,28.01406706013151
2024-10-01 07:24:00,63920.0,63932.5,63903.8,63914.4,54.244,35.24599999999971,28.06306227012191
2024-10-01 07:25:00,63914.4,63978.0,63914.4,63978.0,83.069,35.24599999999971,30.601414965113097
2024-10-01 07:26:00,63978.0,63987.0,63971.1,63971.2,89.7,35.24599999999971,29.55131389617655
2024-10-01 07:27:00,63971.2,64009.5,63971.1,64004.5,136.233,35.24599999999971,30.183362903592613
2024-10-01 07:28:00,64004.5,64008.0,63984.4,63984.5,49.093,35.24599999999971,29.713122696193036
2024-10-01 07:29:00,63984.5,63987.4,63979.9,63980.0,19.852,35.24599999999971,28.12647107503639
2024-10-01 07:30:00,63980.0,64002.8,63974.4,64002.8,43.316,35.24599999999971,28.14600885539104
2024-10-01 07:31:00,64002.8,64040.8,64002.7,64009.5,133.855,35.24599999999971,28.857008222863527
2024-10-01 07:32:00,64009.6,64009.6,63931.6,63931.7,129.456,35.24599999999971,32.36722192123042
2024-10-01 07:33:00,63931.6,63985.6,63930.2,63974.4,104.918,35.24599999999971,34.01242035542835
2024-10-01 07:34:00,63974.3,64012.8,63974.3,64012.8,108.557,35.24599999999971,34.332961758612036
2024-10-01 07:35:00,64012.7,64046.0,64006.5,64041.8,195.431,35.24599999999971,34.702035918711175
2024-10-01 07:36:00,64041.9,64080.0,64041.8,64070.0,340.767,35.24599999999971,34.95189049594588
2024-10-01 07:37:00,64070.0,64075.0,64044.4,64057.0,156.974,35.24599999999971,34.64104117480679
2024-10-01 07:38:00,64057.0,64078.0,64056.9,64078.0,154.272,35.24599999999971,33.67382394803477
2024-10-01 07:39:00,64078.0,64092.6,64077.9,64079.8,207.048,35.24599999999971,32.31855080888922
2024-10-01 07:40:00,64079.8,64089.6,64073.3,64087.7,74.843,35.24599999999971,31.174368608253964
2024-10-01 07:41:00,64087.7,64090.0,64083.6,64087.5,52.362,35.24599999999971,29.40477085052164
2024-10-01 07:42:00,64087.5,64091.0,64036.0,64040.3,200.042,35.24599999999971,31.233001504055807
2024-10-01 07:43:00,64040.4,64064.0,64040.3,64061.4,53.615,35.24599999999971,30.69492996805161
2024-10-01 07:44:00,64061.3,64073.0,64058.6,64064.4,51.621,35.24599999999971,29.53100639890517
2024-10-01 07:45:00,64064.5,64070.4,64020.0,64020.0,103.66,35.24599999999971,31.021648798983477
2024-10-01 07:46:00,64020.1,64020.1,64002.0,64002.1,71.068,35.24599999999971,30.09867388477027
2024-10-01 07:47:00,64002.1,64018.1,64000.7,64000.8,82.688,35.24599999999971,29.191625750143924
2024-10-01 07:48:00,64000.8,64029.8,64000.8,64002.8,78.885,35.24599999999971,29.177938196562216
2024-10-01 07:49:00,64002.8,64018.5,64002.8,64008.0,33.997,35.24599999999971,28.215228325378995
2024-10-01 07:50:00,64008.1,64015.0,64008.1,64008.2,48.251,35.24599999999971,26.69985487356621
2024-10-01 07:51:00,64008.3,64015.2,64002.1,64015.1,87.749,35.24599999999971,25.728436668311378
2024-10-01 07:52:00,64015.1,64015.1,64003.0,64010.4,51.446,35.24599999999971,24.754976906289034
2024-10-01 07:53:00,64010.4,64010.5,63978.0,63978.0,100.095,35.24599999999971,25.308192841554103
2024-10-01 07:54:00,63978.1,63983.5,63951.9,63967.2,146.036,35.24599999999971,25.75760763858585
2024-10-01 07:55:00,63967.2,63991.4,63967.2,63991.4,49.097,35.24599999999971,25.64634995011574
2024-10-01 07:56:00,63991.3,63996.1,63980.8,63996.0,30.38,35.24599999999971,24.907324953678593
2024-10-01 07:57:00,63996.0,64003.0,63996.0,63999.4,32.596,35.24599999999971,23.62823031413012
2024-10-01 07:58:00,63999.4,63999.4,63988.0,63993.2,30.4,35.24599999999971,22.75478529169236
2024-10-01 07:59:00,63993.2,64017.0,63993.2,64017.0,48.672,35.24599999999971,22.829443485143116
2024-10-01 08:00:00,64016.9,64040.0,63991.9,63991.9,111.095,35.24599999999971,24.634483236204215
2024-10-01 08:01:00,63991.9,64011.4,63987.2,64011.4,48.272,35.24599999999971,24.603448719332796
2024-10-01 08:02:00,64011.4,64053.5,64011.3,64048.7,85.861,35.24599999999971,25.860345239380248
2024-10-01 08:03:00,64048.7,64071.0,64043.5,64043.5,119.591,35.24599999999971,25.977463436567373
2024-10-01 08:04:00,64043.4,64063.8,64041.9,64056.3,70.363,35.24599999999971,25.68621604824124
2024-10-01 08:05:00,64056.4,64070.4,64026.6,64028.0,77.124,35.24599999999971,26.980057759081358
2024-10-01 08:06:00,64027.9,64027.9,63981.0,63981.0,61.644,35.24599999999971,28.41005363343269
2024-10-01 08:07:00,63981.0,64006.4,63981.0,64002.6,60.011,35.24599999999971,28.195049802473314
2024-10-01 08:08:00,64002.7,64008.8,63985.1,63985.2,35.095,35.24599999999971,27.873974816582678
2024-10-01 08:09:00,63985.1,63985.2,63965.8,63971.9,44.785,35.24599999999971,27.268690901112073
2024-10-01 08:10:00,63971.9,63979.0,63970.0,63970.1,45.824,35.24599999999971,25.963784408175496
2024-10-01 08:11:00,63970.1,63970.1,63950.0,63950.0,62.102,35.24599999999971,25.544942664734286
2024-10-01 08:12:00,63950.0,63963.0,63942.4,63962.9,56.751,35.24599999999971,25.19173247439602
2024-10-01 08:13:00,63962.9,63963.0,63938.0,63938.1,36.663,35.24599999999971,25.178037297653447
2024-10-01 08:14:00,63938.1,63938.1,63920.2,63926.3,85.771,35.24599999999971,24.658177490678302
2024-10-01 08:15:00,63926.3,63936.6,63926.3,63936.6,27.34,35.24599999999971,23.632593384200966
2024-10-01 08:16:00,63936.5,63948.7,63926.4,63948.6,68.376,35.24599999999971,23.537408142472014
2024-10-01 08:17:00,63948.6,63950.0,63948.6,63950.0,13.164,35.24599999999971,21.956164703724117
2024-10-01 08:18:00,63949.9,63974.7,63949.9,63974.7,63.459,35.24599999999971,22.15929579631494
2024-10-01 08:19:00,63974.6,63974.7,63938.0,63938.0,51.663,35.24599999999971,23.197917525149382
